{
  "scenario": "br-frankenpandas-29u49 RangeIndex miss-heavy indexers pandas comparator",
  "host": "thinkstation1",
  "python": "3.13.7",
  "pandas": "2.2.3",
  "numpy": "2.4.3",
  "repeats": 30,
  "warmups": 5,
  "results": [
    {
      "case": "pandas_get_indexer_miss_heavy",
      "size": 100000,
      "median_us": 1109.6685,
      "mean_us": 1120.1273666666666,
      "min_us": 1082.642,
      "max_us": 1230.252,
      "stdev_us": 33.14452080633553,
      "cv_pct": 2.9589957171539094,
      "samples_us": [
        1132.796,
        1107.439,
        1110.555,
        1101.757,
        1103.641,
        1082.642,
        1096.258,
        1089.365,
        1084.735,
        1096.387,
        1094.313,
        1111.597,
        1108.852,
        1100.646,
        1130.492,
        1143.998,
        1110.485,
        1096.779,
        1105.264,
        1103.631,
        1091.048,
        1147.094,
        1111.126,
        1128.709,
        1140.421,
        1180.167,
        1154.688,
        1230.252,
        1182.951,
        1125.733
      ],
      "checksum": 312456250
    },
    {
      "case": "pandas_reindex_all_miss",
      "size": 100000,
      "median_us": 989.605,
      "mean_us": 995.2780666666666,
      "min_us": 958.416,
      "max_us": 1056.392,
      "stdev_us": 23.267264197511114,
      "cv_pct": 2.337765191132627,
      "samples_us": [
        1016.306,
        1035.082,
        1018.319,
        1009.163,
        1009.052,
        1015.965,
        991.549,
        988.753,
        979.857,
        989.755,
        979.136,
        1040.602,
        997.139,
        1009.874,
        987.571,
        981.75,
        1004.724,
        1056.392,
        987.572,
        969.006,
        989.455,
        980.538,
        958.416,
        982.312,
        972.543,
        992.19,
        971.511,
        963.566,
        971.001,
        1009.243
      ],
      "checksum": 0
    },
    {
      "case": "pandas_get_indexer_miss_heavy",
      "size": 1000000,
      "median_us": 16434.924,
      "mean_us": 16672.386166666667,
      "min_us": 15443.936,
      "max_us": 18690.839,
      "stdev_us": 900.0504499250862,
      "cv_pct": 5.398450113425094,
      "samples_us": [
        18110.439,
        16466.454,
        18288.266,
        16947.625,
        16470.902,
        16727.588,
        17164.747,
        16235.085,
        17052.634,
        17410.944,
        18406.961,
        16395.449,
        16851.584,
        18690.839,
        17817.454,
        16352.377,
        16085.051,
        16403.394,
        15779.993,
        15653.092,
        15876.977,
        16014.096,
        16386.633,
        16475.43,
        17399.592,
        16385.31,
        15845.216,
        15452.903,
        15443.936,
        15580.614
      ],
      "checksum": 31249562500
    },
    {
      "case": "pandas_reindex_all_miss",
      "size": 1000000,
      "median_us": 13126.574,
      "mean_us": 13234.783866666667,
      "min_us": 12202.032,
      "max_us": 15483.13,
      "stdev_us": 658.7539410857825,
      "cv_pct": 4.977443891206493,
      "samples_us": [
        15483.13,
        13302.418,
        14084.751,
        12907.519,
        12849.309,
        13339.248,
        13208.79,
        12675.54,
        13127.025,
        12900.516,
        12202.032,
        13344.728,
        13054.098,
        12298.826,
        13540.69,
        13643.985,
        14674.919,
        13507.597,
        13853.191,
        13092.41,
        13307.387,
        13349.797,
        13126.123,
        12793.433,
        13415.452,
        12906.978,
        12692.552,
        12638.349,
        12916.065,
        12806.658
      ],
      "checksum": 0
    }
  ]
}
