{
  "results": [
    {
      "command": "/data/projects/.scratch/cargo-target-blackthrush-izmsk-before/release-perf/examples/perf_profile df_kendall 512 20",
      "mean": 0.043195845100000005,
      "stddev": 0.0025586064926958474,
      "median": 0.0425667393,
      "user": 0.10990662,
      "system": 0.02109162,
      "min": 0.039860285800000006,
      "max": 0.04818749280000001,
      "times": [
        0.041390504800000005,
        0.039860285800000006,
        0.04100525580000001,
        0.04190974980000001,
        0.043277150800000004,
        0.04236786780000001,
        0.0449837438,
        0.042765610800000006,
        0.046210788800000006,
        0.04818749280000001
      ],
      "exit_codes": [
        0,
        0,
        0,
        0,
        0,
        0,
        0,
        0,
        0,
        0
      ]
    },
    {
      "command": "/data/projects/.scratch/cargo-target-blackthrush-izmsk-after/release-perf/examples/perf_profile df_kendall 512 20",
      "mean": 0.04555260130000001,
      "stddev": 0.001861196345033082,
      "median": 0.045525780800000006,
      "user": 0.11184102,
      "system": 0.02508132,
      "min": 0.043068294800000004,
      "max": 0.04905935580000001,
      "times": [
        0.044037079800000004,
        0.043818885800000006,
        0.0459813338,
        0.046578344800000004,
        0.044073868800000006,
        0.043068294800000004,
        0.04507022780000001,
        0.04700207780000001,
        0.04905935580000001,
        0.046836543800000005
      ],
      "exit_codes": [
        0,
        0,
        0,
        0,
        0,
        0,
        0,
        0,
        0,
        0
      ]
    }
  ]
}
