{
  "results": [
    {
      "command": "/data/projects/.scratch/cargo-target-blackthrush-sad5y-after/release-perf/examples/perf_profile df_kendall 512 20",
      "mean": 0.04103508832,
      "stddev": 0.001760837987769158,
      "median": 0.04129548342,
      "user": 0.09989015999999999,
      "system": 0.022909500000000003,
      "min": 0.03707513392,
      "max": 0.044067585920000006,
      "times": [
        0.041010988920000005,
        0.044067585920000006,
        0.041579977920000004,
        0.04027469192,
        0.03707513392,
        0.041835762920000005,
        0.04031225292000001,
        0.04160666792000001,
        0.04078023092,
        0.041807589920000006
      ],
      "exit_codes": [
        0,
        0,
        0,
        0,
        0,
        0,
        0,
        0,
        0,
        0
      ]
    }
  ]
}
