{
  "results": [
    {
      "command": "/data/projects/.scratch/cargo-target-blackthrush-lxnar-after/release-perf/examples/perf_profile df_kendall 512 20",
      "mean": 0.14301459632000002,
      "stddev": 0.005493843811647889,
      "median": 0.14407572702000002,
      "user": 0.13335307999999998,
      "system": 0.00908644,
      "min": 0.13349225302,
      "max": 0.15106093202,
      "times": [
        0.14106740702,
        0.14584102202000002,
        0.14648941002000002,
        0.14421398902000002,
        0.15106093202,
        0.13856133802,
        0.14393746502000002,
        0.14866122602,
        0.13682092102,
        0.13349225302
      ],
      "exit_codes": [
        0,
        0,
        0,
        0,
        0,
        0,
        0,
        0,
        0,
        0
      ]
    }
  ]
}
