{
  "results": [
    {
      "command": "/data/projects/.scratch/cargo-target-blackthrush-izmsk-after/release-perf/examples/perf_profile df_kendall 512 20",
      "mean": 0.12230643662000003,
      "stddev": 0.045154511335969996,
      "median": 0.12113311062000001,
      "user": 0.12666394,
      "system": 0.028554219999999998,
      "min": 0.05788742512,
      "max": 0.21881240612000002,
      "times": [
        0.21881240612000002,
        0.12488959312,
        0.13476714812,
        0.11720546312,
        0.05788742512,
        0.11737662812,
        0.08664552312000001,
        0.07643643012000001,
        0.15701353712000002,
        0.13203021212000002
      ],
      "exit_codes": [
        0,
        0,
        0,
        0,
        0,
        0,
        0,
        0,
        0,
        0
      ]
    }
  ]
}
