{
  "results": [
    {
      "command": "/data/projects/.scratch/cargo-target-blackthrush-sad5y-before/release-perf/examples/perf_profile df_kendall 512 20",
      "mean": 0.062424783760000005,
      "stddev": 0.006472037929427413,
      "median": 0.06195813806,
      "user": 0.25469278,
      "system": 0.02086072,
      "min": 0.05525316556,
      "max": 0.07901390256,
      "times": [
        0.05884870756,
        0.06321253556,
        0.05948374056,
        0.06232424156000001,
        0.06309142656,
        0.06397706356,
        0.07901390256,
        0.061592034559999995,
        0.05745101956,
        0.05525316556
      ],
      "exit_codes": [
        0,
        0,
        0,
        0,
        0,
        0,
        0,
        0,
        0,
        0
      ]
    }
  ]
}
