{
  "results": [
    {
      "command": "/data/projects/.scratch/cargo-target-blackthrush-izmsk-before/release-perf/examples/perf_profile df_kendall 512 20",
      "mean": 0.041147693060000004,
      "stddev": 0.0017083401238526792,
      "median": 0.04127821966,
      "user": 0.10791066,
      "system": 0.017624099999999997,
      "min": 0.03851724016000001,
      "max": 0.04365857716,
      "times": [
        0.04278585316,
        0.03851724016000001,
        0.04082661816000001,
        0.04093004516,
        0.04001014016,
        0.03864818916,
        0.04205752116,
        0.042416352160000004,
        0.041626394159999996,
        0.04365857716
      ],
      "exit_codes": [
        0,
        0,
        0,
        0,
        0,
        0,
        0,
        0,
        0,
        0
      ]
    }
  ]
}
