{
  "results": [
    {
      "command": "/data/projects/.scratch/cargo-target-blackthrush-lxnar-before/release-perf/examples/perf_profile df_kendall 512 20",
      "mean": 0.041753531,
      "stddev": 0.0017396857922514627,
      "median": 0.0414187711,
      "user": 0.1038824,
      "system": 0.02441308,
      "min": 0.038439283600000006,
      "max": 0.04486385960000001,
      "times": [
        0.04087419960000001,
        0.0412742176,
        0.0429624456,
        0.0412537476,
        0.04156332460000001,
        0.04486385960000001,
        0.042034957600000006,
        0.038439283600000006,
        0.040819324600000005,
        0.0434499496
      ],
      "exit_codes": [
        0,
        0,
        0,
        0,
        0,
        0,
        0,
        0,
        0,
        0
      ]
    }
  ]
}
